Chrom	Pos	Ref	Alt
1	20496058	TAAAG	T
1	23665181	GT	G
1	30315110	GA	G
1	50723455	T	TA
1	62416864	GA	G
1	63669074	CT	C
1	76063779	GA	G
1	78753527	TG	T
1	84054292	A	AT
1	88819470	C	CA
1	150048161	TAA	T
1	150857841	AAAAAAAAAT	A
1	151339857	G	GAAAAAGAAAAAAGAAAAAAC
1	164276121	C	CA
1	167500343	TG	T
1	167518863	ACCCACCTCGGCCTCCCAAAGTGCTGGGATTACAGGCGTGAGACACCGCACCTGGCCTGCAATATTTTTTTTAAGACAGTGTCTCACTCTGTCACCCAGGCAGCCACCCAGTGCAGTGGCACAATCATGGCTCATTGTGGCCTCAACCTCCAGGGCTCATGTGATCCTCCCATCTCATCCTCCTGAGTAGCTGGAACTATAGATGTGCATCACCACACCCGGCTAATATTTTTTTATTTTTTGTAGACATGGAGTTTCACTGTGTTGCCCTGGCTGGTCTCAAAATCCTAGACTCAAGTGATCCT	A
1	168955128	A	AT
1	172844144	G	GA
1	174493338	T	TG
1	176716637	C	CA
1	183116407	CTG	C
1	184377687	CT	C
1	188039509	G	GT
1	215145813	CAAAAA	C
1	215391635	G	GA
1	215660317	A	AT
1	221637345	CACAA	C
1	222559231	T	TG
1	232534192	C	CT
1	237367484	A	AT
1	237758186	GTTTTTTTTTTTTTTTTTTTTT	G
1	237758186	GTTTTTTTTTTTTTTTTTTTTTT	G
1	237786686	T	TCTTTCTTTCTTTCTTTCTTTCTTTC
1	238805062	T	TGTATAACATTAATATAACATAGTATTAATATAATAGC
1	239043193	CT	C
1	240393452	C	CA
1	249066257	AC	A
2	10977537	GA	G
2	12889632	CT	C
2	15063076	AC	A
2	21123901	GC	G
2	34484986	A	AT
2	34638073	T	TA
2	38433665	TA	T
2	51145733	C	CT
2	51396222	GC	G
2	54421794	TTC	T
2	59387008	GTCTCT	G
2	62851558	C	CT
2	74524784	AT	A
2	81335871	C	CT
2	85975181	GGGCATTTCAGGCACAGTAA	GCT
2	88875706	CTCAA	C
2	89163887	AT	A
2	118306880	G	GC
2	125423472	A	AAT
2	137526195	GA	G
2	149835809	A	AT
2	207277244	C	CT
2	213693416	T	TA
2	215347388	T	TA
2	224310165	CT	C
2	236526444	G	GT
3	13304421	CAG	C
3	13768712	GTTTTTTTTTTTTTTTTTTTTTT	G
3	27714250	A	AT
3	35368060	AAACT	A
3	38452569	AGACATATGTTTATTGCGGCACTATTCACAATAGCAAAGACTTGGAACCAACCCAAATGTCTACAAT	A
3	44400570	A	AT
3	47803435	A	AT
3	48952657	G	GA
3	60664105	C	CT
3	65624272	ATTTTT	A
3	65624272	A	ATTTTT
3	70273975	T	TC
3	71842964	AT	A
3	73224496	G	GA
3	78340083	C	CT
3	80090560	T	TG
3	81453212	TC	T
3	89950863	C	CA
3	90161399	G	GATATATATATATATATCCTAGGAT
3	94053286	CT	C
3	104920295	T	TA
3	126745993	G	GT
3	135280859	CT	C
3	135954480	AAAAAGAAAAG	A
3	140883373	TTTTG	T
3	142606071	A	AT
3	145665083	C	CT
3	146835190	G	GA
3	150057786	C	CATGGCAT
3	151913303	G	GT
3	166190059	AT	A
3	171280793	A	AT
3	179961922	T	TA
3	183418901	GCTCTGTCGCCCAGGCTGGAGTGCAGTGGCGCAATCTCAGCTCTCTGCAAGCTCTGCCTCCCGGGTTCACGCCTTTTCCTGCCTCAGCCTCCTGGGTAGGTGGGACTACAGGCACCCACCACCTCGCCTGGCTAAGTTTTTTTGCTTTGTATTTTTATTAGAGACGGGGTTTCACCATGTTAGCCAGGATGATCTCGATCTCCTGACGTCGTGATCTGCCTGCCTTGGCCTCCCAGTGCTGGGATTACAGGCTTGAGCCACCGCGCCCGGCCGGTCAATATATATATTTTTTGAGACAGGGTCTGT	G
3	194014096	AT	A
4	3342121	TCTTAA	T
4	7417165	C	CT
4	9062633	GC	G
4	18449820	GA	G
4	21009069	TTAGA	T
4	28496432	AC	A
4	32282103	CA	C
4	46823908	A	AT
4	58757675	T	TA
4	60761737	CA	C
4	66769755	TC	T
4	72919287	TA	T
4	75613084	AC	A
4	77761548	GT	G
4	78532884	CT	C
4	81483090	TACA	T
4	83349607	TA	T
4	83359305	A	AC
4	90688777	G	GT
4	94290813	A	AT
4	95733932	A	AT
4	97779582	CA	C
4	98074288	A	AC
4	119653160	T	TG
4	138356877	CT	C
4	145882066	AG	A
4	151724778	TACTATGGCACA	T
4	155858492	A	AT
4	157114617	GA	G
4	160475763	G	GT
4	167317809	AT	A
4	167792357	T	TA
4	167953527	GAAAAT	G
4	171344854	C	CT
4	173460302	A	AT
4	174662357	AT	A
4	181398703	G	GT
4	185608227	C	CT
5	1805290	TAAAA	T
5	2363058	C	CT
5	4307974	TA	T
5	10077617	AT	A
5	16055627	CAT	C
5	16615522	A	AAT
5	17690058	AG	A
5	19831277	T	TA
5	22117058	AT	A
5	28125328	C	CA
5	30740111	G	GT
5	37659225	GTTA	G
5	45443614	AG	A
5	46098714	GT	G
5	50582808	GA	G
5	62201836	GAAGT	G
5	65603484	G	GT
5	78536992	TTTTG	T
5	84384315	G	GA
5	86401961	TA	T
5	89896724	TA	T
5	90407025	AAC	A
5	92145101	G	GA
5	93705862	C	CA
5	94030294	TTTA	T
5	95999917	GT	G
5	111989887	CAGGCAAAATA	C
5	115962609	TAGA	T
5	120338983	TATCATCATCACC	T
5	129004349	T	TG
5	167527027	CTGTT	C
6	7821999	AC	A
6	9279342	CAA	C
6	15961031	CTG	C
6	17992184	C	CA
6	25201819	A	AAC
6	26874714	TG	T
6	30456047	G	GT
6	38328743	T	TA
6	49985347	AC	A
6	53569396	GT	G
6	57121995	TC	T
6	64143072	T	TG
6	66610938	T	TA
6	68329638	C	CT
6	73293871	C	CT
6	76043043	C	CA
6	78981261	G	GA
6	119170478	C	CA
6	153129417	GA	G
6	164679969	TA	T
6	170516466	CA	C
7	6115071	A	AT
7	12747998	C	CA
7	19253354	ATTCTT	A
7	25872063	G	GA
7	29418708	GA	G
7	37005353	GA	G
7	39105190	GA	G
7	49307455	T	TA
7	49976424	TA	T
7	74059588	C	CT
7	78029642	CA	C
7	78585257	CT	C
7	88320660	GA	G
7	91289173	AT	A
7	94982255	TTTC	T
7	96465548	GAA	G
7	106507431	G	GT
7	110323166	G	GT
7	121843217	CA	C
7	152664237	G	GT
7	156126578	GCTA	G
8	21878568	GA	G
8	23357448	TTA	T
8	31824838	TC	T
8	32042116	G	GA
8	35727528	A	AT
8	36118947	AT	A
8	40494204	C	CA
8	40550402	T	TA
8	41980249	G	GT
8	43788809	CG	C
8	47695467	A	AT
8	54290154	CT	C
8	55428054	GA	G
8	55471293	A	AT
8	59100374	CT	C
8	73651965	AT	A
8	78324138	CT	C
8	80061854	GT	G
8	84005732	C	CA
8	84942732	A	AT
8	92888243	ACTACT	A
8	95196966	GA	G
8	101337100	CT	C
8	101755119	C	CA
8	112867514	AG	A
8	126816544	TG	T
8	133019492	G	GA
8	139221120	T	TA
9	4583443	AACAC	A
9	8223195	CTTTTTTT	C
9	9024355	T	TG
9	13322899	TG	T
9	23155269	G	GT
9	23805959	AT	A
9	24982124	G	GA
9	30133898	A	AT
9	33756588	T	TA
9	34859122	C	CA
9	37034121	T	TA
9	66343356	G	GT
9	68200202	C	CA
9	86115316	A	AACATATGGTATTAATTTTTTTAATCATCTTGAATATCCATTTCCTATTCTAACATATTTCAGGGCTATAAGCCTGCATAGAGTGCTTGGCGTGTATGCACACACACACACACACAC
9	95769354	TTTTTTA	T
9	105971441	AACTC	A
9	106217362	TA	T
9	106430163	GA	G
9	107052602	CA	C
9	118271941	C	CT
9	122268454	AAAT	A
9	132670734	TCAGCCTCCCAAAGTGCTGGGATTACAGGTGTGAACCACCATGCCCAGCCTGAACTTGAATTTCTTTTCTTTTAATTTTTATTTTATTTTTAATTATTATTATTTTTTATTTTTTTGAGACAGAGGCTTGCTCTGTTGCCCAGGCTGGAGTGAAGTGGCATGATCTTGGCTCACTGCAACCTCTGCCTCCTGAGTTCAAGCAATTCTGCTGCCTCAGCCTCCTGAGTAACTGGGACTACAGACGTGTGCCACTGCACCTGGCTAGTTTTTATATTTTTAGTAGAGACGGGGTTTCACCATGTAGGCCAGGATGGTCTTGATCTCTTGACCTCAGGTGATCCACCCACCG	T
10	1767441	AGTAAAGGGGCAC	A
10	9924320	GT	G
10	15367519	CA	C
10	17578152	GC	G
10	25372116	A	AT
10	30017163	TG	T
10	33942948	G	GA
10	50791014	CA	C
10	55433306	G	GT
10	57097724	GA	G
10	62066811	G	GA
10	80242029	G	GT
10	93921067	TGCCCAGGCTGGAGTGCAATGACATGATCTCGGCTCACTGCAACCTCTGCCTCCTGGATTCAACCGATTCTCCTGCCTCAGCCCCTTGACTAGCTGGGATTACAGGTGCCTGCCACCTTGCCCAGCTAATTTTTTGTATTTTTAGTAGAGACACGATTTCACCATGTTGGCCAGGCTGGTCTCGAACTCCTGACCTCAGGTGATCCACCCACGTTGGCCTCCCAAAGTATTGGAATTACAGGCATGAGCCACCGCGCCCAGTGGCTTAGATTTGTTTTTATCATTCATTGTGGAATTTATTATGTACTACCTTGGTCCTGTTATAGTGATTATCATAGCAGCTAATGAGTGCTTCCTATGTGCCGGGAACAGTTCAAAATACTTCACATGTATC	T
10	116896956	C	CA
10	126310265	AAAG	A
11	6466878	TC	T
11	15140645	G	GA
11	20501491	A	AT
11	21195907	CT	C
11	24018533	T	TA
11	24721401	TTGAAA	T
11	24803261	G	GT
11	36559144	A	AT
11	39205317	T	TA
11	39205317	TA	T
11	44361526	C	CT
11	57493482	T	TATAC
11	85930531	CACTG	C
11	88850215	AT	A
11	91975567	GA	G
11	100176805	G	GA
11	101469048	TTATAA	T
11	107115531	AT	A
11	110326025	G	GT
11	113922451	CAGG	C
11	130880826	CT	C
11	132756894	TA	T
12	2679971	TGGAGAA	T
12	8609229	A	AT
12	29241019	CA	C
12	33825121	G	GA
12	38607306	ATTG	A
12	46583286	GA	G
12	65960497	GA	G
12	67051940	C	CA
12	67187230	GA	G
12	69285517	G	GT
12	73393473	CT	C
12	73557326	T	TA
12	82817660	AAAC	A
12	87572503	GA	G
12	89219747	C	CA
12	89833547	A	AT
12	92807206	CT	C
12	97360799	CTT	C
12	112310582	GTCTC	G
12	117750805	CCACCATAATCACCATCACCATCATCAT	C
13	19661284	C	CA
13	39343696	ATAT	A
13	43344424	CA	C
13	52637384	C	CT
13	64053256	GAC	G
13	67152154	A	AATGTATACCATATATTT
13	70985903	T	TC
13	72496023	CT	C
13	72546845	TG	T
13	82985827	G	GA
13	85079501	CA	C
13	86532723	ATTCTTTTT	A
13	92735828	T	TA
13	105227235	GA	G
13	107901251	C	CA
13	109022554	AAT	A
13	109644806	CTTTCTT	C
13	113257705	G	GT
13	113683414	TA	T
14	21381913	G	GA
14	26887376	TA	T
14	27690687	AT	A
14	30821158	ATC	A
14	35574398	C	CT
14	39112879	C	CCAG
14	41003462	G	GA
14	45925693	AT	A
14	47029528	CA	C
14	62914084	A	AT
14	65017759	G	GA
14	82261247	GT	G
14	99656923	G	GA
14	106329843	G	GG
14	106329843	G	GCCC
15	20658801	TCTAA	T
15	34970238	A	AT
15	36673930	GA	G
15	45623132	AT	A
15	48207413	AG	A
15	49687482	T	TA
15	79007821	A	AT
15	94015700	CA	C
16	14250542	AT	A
16	19203112	G	GT
16	34320446	G	GA
16	35165183	G	GT
16	46522984	C	CA
16	50112610	TTTCACAGGCATTTCTTATCCTTATGCTTGTTTTTTTCCCAGGCACAATTTGGAATCTAAAGGACATTA	T
16	59364169	CT	C
16	61836569	G	GA
16	62286128	T	TA
16	68122324	TTATA	T
16	71259360	CTG	C
17	405603	T	TG
17	6786486	AT	A
17	8461805	G	GA
17	10403547	AG	A
17	13607925	CTCTT	C
17	25896158	TA	T
17	43992680	CTGTGTGTGTAG	C
17	45846159	CT	C
17	48293437	G	GT
17	50628087	GT	G
17	59480184	GA	G
17	61375117	G	GA
17	63396875	C	CT
17	63481383	TA	T
17	68218863	TC	T
17	79848699	G	GA
18	7344386	GA	G
18	11011069	CTA	C
18	12489678	GC	G
18	15229956	G	GT
18	34120946	GCTCATGCCTGTAATCCCAGCACTTTAGGAGGCCGAGGCAGGCGTATCACCTGAGATCAGGAGTTAGAGACCAGCCTGGCCAACATGGCTAAATCCCATCTCTACTAAATATACAAAAATTAGCCAGGCCTGGTGGCATGTGCCTGTAATCCCAGCTACTCTGGAGGCTGAGGAAGGAGAATCACTTGAACCCGGGAGGTGGAGGTTGCAGTGAGCCAAGATCGCACCACTGCACTCCAGCCTAGCGACAGAGCGAGACTCTGTCTCAAAAAAAAAAAAAAAAAAAAAAAGAAAGAAAAAAGAAAAAAAGTGTTGGCAGGGCGTGGTGC	G
18	34347917	T	TA
18	38101272	C	CT
18	45516222	A	AT
18	52768359	A	AAAAAT
18	59192945	C	CA
18	62072853	G	GA
18	62522780	TA	T
18	64307653	C	CA
18	64790623	A	AT
18	71428004	AC	A
18	75084605	T	TA
18	75384459	T	TA
18	75870275	TA	T
18	76076507	TA	T
19	2398460	C	CA
19	4007949	GGGGGGCGGGGAGGCC	G
19	8098784	T	TC
19	8197233	A	AT
19	9786246	T	TTG
19	18942606	GTCCT	GTTC
19	20886405	C	CT
19	22753185	G	GA
19	24550904	T	TC
19	36319176	C	CT
19	37379603	G	GT
19	43059884	T	TG
19	46884076	A	AC
19	47339268	CAG	C
19	47904101	CCCAGGCTGGAGTGCAGTGGCATGATCTCAGCTCACTGCAACCTCCACCTTTTGGGTTCAAGGGATTCTCCTGCTTCAGTTTGCCAAGTAGCTGGGACTACAGGCGCCCGCCACCATGCCCGGCTAATTTTTATATTTCAGTAGAGATGGGGTTTCACCATGTTGCCCAGGCTGTGTCCTCAAGTGATTTGCCTCCCAAAATGCTGGGATCACAGGCGTGAGCCACCACTCCTGGCCTATCCTAAGATTTTGTTCATTCACTCGTCTGCTCAGCGGATATTTTCTTTCTTTTTTTCGGGGGGCAGAGGGGGACGGAATCTCGCTCTGTTGT	C
19	57300956	G	GA
19	58161046	C	CA
20	8273751	T	TA
20	15166760	C	CT
20	15508499	TTC	T
20	20947524	CT	C
20	21331163	CAAAAAAAAAAAAA	C
20	29964480	TG	T
20	59030138	C	CT
21	20345373	CA	C
21	20975820	G	GT
21	21925715	G	GA
21	22085299	GA	G
21	22294517	TG	T
21	23734594	GA	G
21	26001280	GA	G
21	28971387	GT	G
22	29191219	GGTTTACAC	GACCA
22	45850893	A	AT
22	50812169	G	GT
X	15954084	T	TA
X	41097512	C	CA
X	55513067	AT	A
X	65654087	AG	A
X	85007454	AT	A
X	86924520	G	GA
X	88999608	A	AT
X	92186565	TA	T
X	128246894	T	TA